state,year,factor
AL,2020,830.4820190832299
AL,2021,830.4820190832299
AL,2022,830.4820190832299
AL,2023,830.4820190832299
AL,2024,830.4820190832299
AL,2025,743.9505105910166
AL,2026,601.9726979311812
AL,2027,601.9726979311812
AL,2028,628.5384221943958
AL,2029,628.5384221943958
AL,2030,710.5504506252323
AL,2031,750.3659676537515
AL,2032,790.1814846822705
AL,2033,829.9970017107896
AL,2034,869.8125187393086
AL,2035,909.6280357678278
AL,2036,928.1909733857752
AL,2037,946.7539110037226
AL,2038,965.31684862167
AL,2039,983.8797862396174
AL,2040,1002.4427238575648
AL,2041,981.1019594701858
AL,2042,959.7611950828068
AL,2043,938.4204306954279
AL,2044,917.0796663080489
AL,2045,895.73890192067
AL,2046,880.4829009329981
AL,2047,865.2268999453263
AL,2048,849.9708989576546
AL,2049,834.7148979699829
AL,2050,819.4588969823111
AL,2051,819.4588969823111
AL,2052,819.4588969823111
AL,2053,819.4588969823111
AL,2054,819.4588969823111
AL,2055,819.4588969823111
AL,2056,819.4588969823111
AL,2057,819.4588969823111
AL,2058,819.4588969823111
AL,2059,819.4588969823111
AL,2060,819.4588969823111
AL,2061,819.4588969823111
AL,2062,819.4588969823111
AL,2063,819.4588969823111
AL,2064,819.4588969823111
AL,2065,819.4588969823111
AL,2066,819.4588969823111
AL,2067,819.4588969823111
AL,2068,819.4588969823111
AL,2069,819.4588969823111
AR,2020,1044.3305878410565
AR,2021,1044.3305878410565
AR,2022,1044.3305878410565
AR,2023,1044.3305878410565
AR,2024,1044.3305878410565
AR,2025,976.6486181414145
AR,2026,829.8206317571747
AR,2027,829.8206317571747
AR,2028,726.5339776715648
AR,2029,726.5339776715648
AR,2030,702.3933402705524
AR,2031,697.8518139649738
AR,2032,693.3102876593953
AR,2033,688.7687613538167
AR,2034,684.2272350482381
AR,2035,679.6857087426595
AR,2036,673.909592761778
AR,2037,668.1334767808964
AR,2038,662.3573608000149
AR,2039,656.5812448191334
AR,2040,650.8051288382519
AR,2041,632.1099137550934
AR,2042,613.414698671935
AR,2043,594.7194835887765
AR,2044,576.0242685056181
AR,2045,557.3290534224597
AR,2046,548.8632956489539
AR,2047,540.3975378754482
AR,2048,531.9317801019424
AR,2049,523.4660223284368
AR,2050,515.000264554931
AR,2051,515.000264554931
AR,2052,515.000264554931
AR,2053,515.000264554931
AR,2054,515.000264554931
AR,2055,515.000264554931
AR,2056,515.000264554931
AR,2057,515.000264554931
AR,2058,515.000264554931
AR,2059,515.000264554931
AR,2060,515.000264554931
AR,2061,515.000264554931
AR,2062,515.000264554931
AR,2063,515.000264554931
AR,2064,515.000264554931
AR,2065,515.000264554931
AR,2066,515.000264554931
AR,2067,515.000264554931
AR,2068,515.000264554931
AR,2069,515.000264554931
AZ,2020,737.6673309934929
AZ,2021,737.6673309934929
AZ,2022,737.6673309934929
AZ,2023,737.6673309934929
AZ,2024,737.6673309934929
AZ,2025,583.1231591386098
AZ,2026,360.2356302580297
AZ,2027,360.2356302580297
AZ,2028,271.49949734563256
AZ,2029,271.49949734563256
AZ,2030,251.10672145893258
AZ,2031,274.3875553360733
AZ,2032,297.668389213214
AZ,2033,320.9492230903547
AZ,2034,344.2300569674954
AZ,2035,367.51089084463615
AZ,2036,389.60122753487764
AZ,2037,411.6915642251191
AZ,2038,433.78190091536055
AZ,2039,455.87223760560204
AZ,2040,477.9625742958436
AZ,2041,480.1231062276236
AZ,2042,482.2836381594037
AZ,2043,484.4441700911839
AZ,2044,486.6047020229639
AZ,2045,488.765233954744
AZ,2046,492.51309546905645
AZ,2047,496.2609569833689
AZ,2048,500.0088184976813
AZ,2049,503.75668001199375
AZ,2050,507.5045415263062
AZ,2051,507.5045415263062
AZ,2052,507.5045415263062
AZ,2053,507.5045415263062
AZ,2054,507.5045415263062
AZ,2055,507.5045415263062
AZ,2056,507.5045415263062
AZ,2057,507.5045415263062
AZ,2058,507.5045415263062
AZ,2059,507.5045415263062
AZ,2060,507.5045415263062
AZ,2061,507.5045415263062
AZ,2062,507.5045415263062
AZ,2063,507.5045415263062
AZ,2064,507.5045415263062
AZ,2065,507.5045415263062
AZ,2066,507.5045415263062
AZ,2067,507.5045415263062
AZ,2068,507.5045415263062
AZ,2069,507.5045415263062
CA,2020,459.002804282263
CA,2021,459.002804282263
CA,2022,459.002804282263
CA,2023,459.002804282263
CA,2024,459.002804282263
CA,2025,361.2277112471124
CA,2026,201.6129032258067
CA,2027,201.6129032258067
CA,2028,113.97908252350143
CA,2029,113.97908252350143
CA,2030,88.1849768073512
CA,2031,89.33138150584678
CA,2032,90.47778620434234
CA,2033,91.62419090283791
CA,2034,92.77059560133347
CA,2035,93.91700029982904
CA,2036,84.34893031623142
CA,2037,74.78086033263382
CA,2038,65.21279034903621
CA,2039,55.64472036543861
CA,2040,46.076650381841
CA,2041,40.60918181978523
CA,2042,35.14171325772946
CA,2043,29.674244695673682
CA,2044,24.206776133617907
CA,2045,18.73930757156213
CA,2046,14.991446057249705
CA,2047,11.243584542937278
CA,2048,7.4957230286248535
CA,2049,3.7478615143124268
CA,2050,0
CA,2051,0
CA,2052,0
CA,2053,0
CA,2054,0
CA,2055,0
CA,2056,0
CA,2057,0
CA,2058,0
CA,2059,0
CA,2060,0
CA,2061,0
CA,2062,0
CA,2063,0
CA,2064,0
CA,2065,0
CA,2066,0
CA,2067,0
CA,2068,0
CA,2069,0
CO,2020,862.4490731758948
CO,2021,862.4490731758948
CO,2022,862.4490731758948
CO,2023,862.4490731758948
CO,2024,862.4490731758948
CO,2025,769.854847528176
CO,2026,571.4386497116358
CO,2027,571.4386497116358
CO,2028,395.17892731794257
CO,2029,395.17892731794257
CO,2030,324.74117709307086
CO,2031,318.78869115857464
CO,2032,312.8362052240784
CO,2033,306.88371928958225
CO,2034,300.93123335508596
CO,2035,294.9787474205898
CO,2036,300.00529109860884
CO,2037,305.0318347766279
CO,2038,310.0583784546468
CO,2039,315.08492213266584
CO,2040,320.1114658106849
CO,2041,318.3477662745378
CO,2042,316.5840667383908
CO,2043,314.82036720224374
CO,2044,313.05666766609676
CO,2045,311.2929681299497
CO,2046,317.2013615760423
CO,2047,323.10975502213483
CO,2048,329.0181484682273
CO,2049,334.92654191431984
CO,2050,340.8349353604124
CO,2051,340.8349353604124
CO,2052,340.8349353604124
CO,2053,340.8349353604124
CO,2054,340.8349353604124
CO,2055,340.8349353604124
CO,2056,340.8349353604124
CO,2057,340.8349353604124
CO,2058,340.8349353604124
CO,2059,340.8349353604124
CO,2060,340.8349353604124
CO,2061,340.8349353604124
CO,2062,340.8349353604124
CO,2063,340.8349353604124
CO,2064,340.8349353604124
CO,2065,340.8349353604124
CO,2066,340.8349353604124
CO,2067,340.8349353604124
CO,2068,340.8349353604124
CO,2069,340.8349353604124
CT,2020,841.2846787421305
CT,2021,841.2846787421305
CT,2022,841.2846787421305
CT,2023,841.2846787421305
CT,2024,841.2846787421305
CT,2025,804.5776821460706
CT,2026,735.5729377943181
CT,2027,735.5729377943181
CT,2028,698.0943226511939
CT,2029,698.0943226511939
CT,2030,692.9134552637621
CT,2031,695.2503571491569
CT,2032,697.5872590345517
CT,2033,699.9241609199465
CT,2034,702.2610628053413
CT,2035,704.5979646907361
CT,2036,700.938288153231
CT,2037,697.278611615726
CT,2038,693.6189350782209
CT,2039,689.959258540716
CT,2040,686.2995820032107
CT,2041,678.4511190673566
CT,2042,670.6026561315023
CT,2043,662.754193195648
CT,2044,654.9057302597937
CT,2045,647.0572673239394
CT,2046,639.1206194112779
CT,2047,631.1839714986163
CT,2048,623.2473235859546
CT,2049,615.3106756732931
CT,2050,607.3740277606314
CT,2051,607.3740277606314
CT,2052,607.3740277606314
CT,2053,607.3740277606314
CT,2054,607.3740277606314
CT,2055,607.3740277606314
CT,2056,607.3740277606314
CT,2057,607.3740277606314
CT,2058,607.3740277606314
CT,2059,607.3740277606314
CT,2060,607.3740277606314
CT,2061,607.3740277606314
CT,2062,607.3740277606314
CT,2063,607.3740277606314
CT,2064,607.3740277606314
CT,2065,607.3740277606314
CT,2066,607.3740277606314
CT,2067,607.3740277606314
CT,2068,607.3740277606314
CT,2069,607.3740277606314
DE,2020,936.7449161360881
DE,2021,936.7449161360881
DE,2022,936.7449161360881
DE,2023,936.7449161360881
DE,2024,936.7449161360881
DE,2025,894.4161272685595
DE,2026,797.9638088855191
DE,2027,797.9638088855191
DE,2028,767.9809167710199
DE,2029,767.9809167710199
DE,2030,792.1215541720322
DE,2031,807.3334626713003
DE,2032,822.5453711705684
DE,2033,837.7572796698364
DE,2034,852.9691881691047
DE,2035,868.1810966683727
DE,2036,881.1883807474569
DE,2037,894.1956648265412
DE,2038,907.2029489056255
DE,2039,920.2102329847099
DE,2040,933.2175170637942
DE,2041,932.0270198768949
DE,2042,930.8365226899957
DE,2043,929.6460255030964
DE,2044,928.4555283161973
DE,2045,927.265031129298
DE,2046,922.8116898005268
DE,2047,918.3583484717554
DE,2048,913.9050071429842
DE,2049,909.4516658142129
DE,2050,904.9983244854418
DE,2051,904.9983244854418
DE,2052,904.9983244854418
DE,2053,904.9983244854418
DE,2054,904.9983244854418
DE,2055,904.9983244854418
DE,2056,904.9983244854418
DE,2057,904.9983244854418
DE,2058,904.9983244854418
DE,2059,904.9983244854418
DE,2060,904.9983244854418
DE,2061,904.9983244854418
DE,2062,904.9983244854418
DE,2063,904.9983244854418
DE,2064,904.9983244854418
DE,2065,904.9983244854418
DE,2066,904.9983244854418
DE,2067,904.9983244854418
DE,2068,904.9983244854418
DE,2069,904.9983244854418
FL,2020,641.54570627348
FL,2021,641.54570627348
FL,2022,641.54570627348
FL,2023,641.54570627348
FL,2024,641.54570627348
FL,2025,575.7376673309941
FL,2026,450.0740753805187
FL,2027,450.0740753805187
FL,2028,418.1070212878539
FL,2029,418.1070212878539
FL,2030,445.9955202031787
FL,2031,468.35041182384225
FL,2032,490.70530344450583
FL,2033,513.0601950651693
FL,2034,535.4150866858329
FL,2035,557.7699783064963
FL,2036,579.9044074851415
FL,2037,602.0388366637867
FL,2038,624.1732658424319
FL,2039,646.3076950210769
FL,2040,668.4421241997221
FL,2041,685.9468420959813
FL,2042,703.4515599922405
FL,2043,720.9562778884997
FL,2044,738.4609957847589
FL,2045,755.9657136810182
FL,2046,762.3150320111474
FL,2047,768.6643503412768
FL,2048,775.0136686714061
FL,2049,781.3629870015354
FL,2050,787.7123053316647
FL,2051,787.7123053316647
FL,2052,787.7123053316647
FL,2053,787.7123053316647
FL,2054,787.7123053316647
FL,2055,787.7123053316647
FL,2056,787.7123053316647
FL,2057,787.7123053316647
FL,2058,787.7123053316647
FL,2059,787.7123053316647
FL,2060,787.7123053316647
FL,2061,787.7123053316647
FL,2062,787.7123053316647
FL,2063,787.7123053316647
FL,2064,787.7123053316647
FL,2065,787.7123053316647
FL,2066,787.7123053316647
FL,2067,787.7123053316647
FL,2068,787.7123053316647
FL,2069,787.7123053316647
GA,2020,819.8998218663478
GA,2021,819.8998218663478
GA,2022,819.8998218663478
GA,2023,819.8998218663478
GA,2024,819.8998218663478
GA,2025,734.1399319211988
GA,2026,594.2565124605379
GA,2027,594.2565124605379
GA,2028,623.3575548069638
GA,2029,623.3575548069638
GA,2030,706.5821266689015
GA,2031,746.6621986278427
GA,2032,786.7422705867838
GA,2033,826.8223425457248
GA,2034,866.902414504666
GA,2035,906.9824864636071
GA,2036,925.5013315931508
GA,2037,944.0201767226946
GA,2038,962.5390218522383
GA,2039,981.0578669817821
GA,2040,999.5767121113258
GA,2041,977.8832078167176
GA,2042,956.1897035221091
GA,2043,934.4961992275007
GA,2044,912.8026949328922
GA,2045,891.1091906382838
GA,2046,875.7209121854011
GA,2047,860.3326337325184
GA,2048,844.9443552796356
GA,2049,829.5560768267528
GA,2050,814.16779837387
GA,2051,814.16779837387
GA,2052,814.16779837387
GA,2053,814.16779837387
GA,2054,814.16779837387
GA,2055,814.16779837387
GA,2056,814.16779837387
GA,2057,814.16779837387
GA,2058,814.16779837387
GA,2059,814.16779837387
GA,2060,814.16779837387
GA,2061,814.16779837387
GA,2062,814.16779837387
GA,2063,814.16779837387
GA,2064,814.16779837387
GA,2065,814.16779837387
GA,2066,814.16779837387
GA,2067,814.16779837387
GA,2068,814.16779837387
GA,2069,814.16779837387
IA,2020,632.7272085927449
IA,2021,632.7272085927449
IA,2022,632.7272085927449
IA,2023,632.7272085927449
IA,2024,632.7272085927449
IA,2025,503.97714245401215
IA,2026,304.7893260904076
IA,2027,304.7893260904076
IA,2028,256.9489761724196
IA,2029,256.9489761724196
IA,2030,279.5463764793033
IA,2031,295.55194976983756
IA,2032,311.5575230603718
IA,2033,327.563096350906
IA,2034,343.5686696414403
IA,2035,359.57424293197454
IA,2036,371.0382899169302
IA,2037,382.5023369018858
IA,2038,393.96638388684147
IA,2039,405.43043087179717
IA,2040,416.8944778567528
IA,2041,419.49593467256966
IA,2042,422.09739148838656
IA,2043,424.69884830420335
IA,2044,427.30030512002025
IA,2045,429.9017619358371
IA,2046,431.88592391400255
IA,2047,433.87008589216794
IA,2048,435.8542478703333
IA,2049,437.8384098484987
IA,2050,439.82257182666416
IA,2051,439.82257182666416
IA,2052,439.82257182666416
IA,2053,439.82257182666416
IA,2054,439.82257182666416
IA,2055,439.82257182666416
IA,2056,439.82257182666416
IA,2057,439.82257182666416
IA,2058,439.82257182666416
IA,2059,439.82257182666416
IA,2060,439.82257182666416
IA,2061,439.82257182666416
IA,2062,439.82257182666416
IA,2063,439.82257182666416
IA,2064,439.82257182666416
IA,2065,439.82257182666416
IA,2066,439.82257182666416
IA,2067,439.82257182666416
IA,2068,439.82257182666416
IA,2069,439.82257182666416
ID,2020,818.5770472142376
ID,2021,818.5770472142376
ID,2022,818.5770472142376
ID,2023,818.5770472142376
ID,2024,818.5770472142376
ID,2025,705.700276900828
ID,2026,501.77251803382836
ID,2027,501.77251803382836
ID,2028,377.43170073546315
ID,2029,377.43170073546315
ID,2030,344.14187199068806
ID,2031,362.6607171202318
ID,2032,381.1795622497756
ID,2033,399.69840737931935
ID,2034,418.21725250886306
ID,2035,436.7360976384068
ID,2036,455.2108502795469
ID,2037,473.68560292068696
ID,2038,492.1603555618271
ID,2039,510.63510820296716
ID,2040,529.1098608441073
ID,2041,526.9934214007308
ID,2042,524.8769819573544
ID,2043,522.760542513978
ID,2044,520.6441030706015
ID,2045,518.527663627225
ID,2046,523.5101148168404
ID,2047,528.4925660064557
ID,2048,533.4750171960711
ID,2049,538.4574683856865
ID,2050,543.4399195753018
ID,2051,543.4399195753018
ID,2052,543.4399195753018
ID,2053,543.4399195753018
ID,2054,543.4399195753018
ID,2055,543.4399195753018
ID,2056,543.4399195753018
ID,2057,543.4399195753018
ID,2058,543.4399195753018
ID,2059,543.4399195753018
ID,2060,543.4399195753018
ID,2061,543.4399195753018
ID,2062,543.4399195753018
ID,2063,543.4399195753018
ID,2064,543.4399195753018
ID,2065,543.4399195753018
ID,2066,543.4399195753018
ID,2067,543.4399195753018
ID,2068,543.4399195753018
ID,2069,543.4399195753018
IL,2020,962.7594842942567
IL,2021,962.7594842942567
IL,2022,962.7594842942567
IL,2023,962.7594842942567
IL,2024,962.7594842942567
IL,2025,895.1877458156238
IL,2026,744.5016666960626
IL,2027,744.5016666960626
IL,2028,641.3252438314615
IL,2029,641.3252438314615
IL,2030,621.2631616077892
IL,2031,629.993474311717
IL,2032,638.7237870156448
IL,2033,647.4540997195726
IL,2034,656.1844124235004
IL,2035,664.9147251274281
IL,2036,645.4258452530034
IL,2037,625.9369653785789
IL,2038,606.4480855041542
IL,2039,586.9592056297297
IL,2040,567.470325755305
IL,2041,523.9510397008771
IL,2042,480.43175364644935
IL,2043,436.91246759202147
IL,2044,393.3931815375937
IL,2045,349.8738954831659
IL,2046,310.4111183618762
IL,2047,270.94834124058656
IL,2048,231.48556411929692
IL,2049,192.02278699800723
IL,2050,152.5600098767176
IL,2051,152.5600098767176
IL,2052,152.5600098767176
IL,2053,152.5600098767176
IL,2054,152.5600098767176
IL,2055,152.5600098767176
IL,2056,152.5600098767176
IL,2057,152.5600098767176
IL,2058,152.5600098767176
IL,2059,152.5600098767176
IL,2060,152.5600098767176
IL,2061,152.5600098767176
IL,2062,152.5600098767176
IL,2063,152.5600098767176
IL,2064,152.5600098767176
IL,2065,152.5600098767176
IL,2066,152.5600098767176
IL,2067,152.5600098767176
IL,2068,152.5600098767176
IL,2069,152.5600098767176
IN,2020,1000.0176369953627
IN,2021,1000.0176369953627
IN,2022,1000.0176369953627
IN,2023,1000.0176369953627
IN,2024,1000.0176369953627
IN,2025,975.6565371523319
IN,2026,903.2346249492947
IN,2027,903.2346249492947
IN,2028,852.087338401031
IN,2029,852.087338401031
IN,2030,849.0008642127738
IN,2031,853.454205541545
IN,2032,857.9075468703162
IN,2033,862.3608881990875
IN,2034,866.8142295278587
IN,2035,871.2675708566298
IN,2036,878.0137215823922
IN,2037,884.7598723081546
IN,2038,891.506023033917
IN,2039,898.2521737596794
IN,2040,904.9983244854418
IN,2041,903.7637348101388
IN,2042,902.5291451348359
IN,2043,901.294555459533
IN,2044,900.05996578423
IN,2045,898.8253761089271
IN,2046,896.5325667119359
IN,2047,894.2397573149449
IN,2048,891.9469479179537
IN,2049,889.6541385209626
IN,2050,887.3613291239715
IN,2051,887.3613291239715
IN,2052,887.3613291239715
IN,2053,887.3613291239715
IN,2054,887.3613291239715
IN,2055,887.3613291239715
IN,2056,887.3613291239715
IN,2057,887.3613291239715
IN,2058,887.3613291239715
IN,2059,887.3613291239715
IN,2060,887.3613291239715
IN,2061,887.3613291239715
IN,2062,887.3613291239715
IN,2063,887.3613291239715
IN,2064,887.3613291239715
IN,2065,887.3613291239715
IN,2066,887.3613291239715
IN,2067,887.3613291239715
IN,2068,887.3613291239715
IN,2069,887.3613291239715
KS,2020,780.4370447450582
KS,2021,780.4370447450582
KS,2022,780.4370447450582
KS,2023,780.4370447450582
KS,2024,780.4370447450582
KS,2025,632.6169773717356
KS,2026,353.29106333445077
KS,2027,353.29106333445077
KS,2028,230.2730206881958
KS,2029,230.2730206881958
KS,2030,238.7608247059034
KS,2031,255.6923402529148
KS,2032,272.6238557999262
KS,2033,289.55537134693765
KS,2034,306.4868868939491
KS,2035,323.4184024409605
KS,2036,337.96892361417343
KS,2037,352.5194447873864
KS,2038,367.0699659605994
KS,2039,381.62048713381233
KS,2040,396.17100830702526
KS,2041,402.56441912555823
KS,2042,408.9578299440912
KS,2043,415.3512407626241
KS,2044,421.7446515811571
KS,2045,428.13806239969006
KS,2046,431.2245365879474
KS,2047,434.3110107762047
KS,2048,437.3974849644619
KS,2049,440.48395915271925
KS,2050,443.57043334097654
KS,2051,443.57043334097654
KS,2052,443.57043334097654
KS,2053,443.57043334097654
KS,2054,443.57043334097654
KS,2055,443.57043334097654
KS,2056,443.57043334097654
KS,2057,443.57043334097654
KS,2058,443.57043334097654
KS,2059,443.57043334097654
KS,2060,443.57043334097654
KS,2061,443.57043334097654
KS,2062,443.57043334097654
KS,2063,443.57043334097654
KS,2064,443.57043334097654
KS,2065,443.57043334097654
KS,2066,443.57043334097654
KS,2067,443.57043334097654
KS,2068,443.57043334097654
KS,2069,443.57043334097654
KY,2020,821.0021340764397
KY,2021,821.0021340764397
KY,2022,821.0021340764397
KY,2023,821.0021340764397
KY,2024,821.0021340764397
KY,2025,811.5222490696495
KY,2026,807.113000229282
KY,2027,807.113000229282
KY,2028,881.0781495264476
KY,2029,881.0781495264476
KY,2030,949.9726626571908
KY,2031,971.4457045097809
KY,2032,992.9187463623709
KY,2033,1014.3917882149609
KY,2034,1035.8648300675509
KY,2035,1057.337871920141
KY,2036,1055.5300798955902
KY,2037,1053.7222878710397
KY,2038,1051.9144958464888
KY,2039,1050.106703821938
KY,2040,1048.2989117973875
KY,2041,1034.9388878110738
KY,2042,1021.57886382476
KY,2043,1008.2188398384463
KY,2044,994.8588158521326
KY,2045,981.4987918658189
KY,2046,966.5955307853766
KY,2047,951.6922697049342
KY,2048,936.7890086244918
KY,2049,921.8857475440494
KY,2050,906.9824864636071
KY,2051,906.9824864636071
KY,2052,906.9824864636071
KY,2053,906.9824864636071
KY,2054,906.9824864636071
KY,2055,906.9824864636071
KY,2056,906.9824864636071
KY,2057,906.9824864636071
KY,2058,906.9824864636071
KY,2059,906.9824864636071
KY,2060,906.9824864636071
KY,2061,906.9824864636071
KY,2062,906.9824864636071
KY,2063,906.9824864636071
KY,2064,906.9824864636071
KY,2065,906.9824864636071
KY,2066,906.9824864636071
KY,2067,906.9824864636071
KY,2068,906.9824864636071
KY,2069,906.9824864636071
LA,2020,1107.3828462583128
LA,2021,1107.3828462583128
LA,2022,1107.3828462583128
LA,2023,1107.3828462583128
LA,2024,1107.3828462583128
LA,2025,1064.5029012857383
LA,2026,955.9251485916872
LA,2027,955.9251485916872
LA,2028,880.4167622003927
LA,2029,880.4167622003927
LA,2030,870.6061835305748
LA,2031,859.0098590804081
LA,2032,847.4135346302414
LA,2033,835.8172101800748
LA,2034,824.2208857299081
LA,2035,812.6245612797414
LA,2036,797.9858551297211
LA,2037,783.3471489797007
LA,2038,768.7084428296805
LA,2039,754.0697366796601
LA,2040,739.4310305296398
LA,2041,710.5063581368286
LA,2042,681.5816857440174
LA,2043,652.6570133512062
LA,2044,623.7323409583951
LA,2045,594.8076685655839
LA,2046,583.2113441154172
LA,2047,571.6150196652505
LA,2048,560.0186952150839
LA,2049,548.4223707649171
LA,2050,536.8260463147504
LA,2051,536.8260463147504
LA,2052,536.8260463147504
LA,2053,536.8260463147504
LA,2054,536.8260463147504
LA,2055,536.8260463147504
LA,2056,536.8260463147504
LA,2057,536.8260463147504
LA,2058,536.8260463147504
LA,2059,536.8260463147504
LA,2060,536.8260463147504
LA,2061,536.8260463147504
LA,2062,536.8260463147504
LA,2063,536.8260463147504
LA,2064,536.8260463147504
LA,2065,536.8260463147504
LA,2066,536.8260463147504
LA,2067,536.8260463147504
LA,2068,536.8260463147504
LA,2069,536.8260463147504
MA,2020,854.5124252632332
MA,2021,854.5124252632332
MA,2022,854.5124252632332
MA,2023,854.5124252632332
MA,2024,854.5124252632332
MA,2025,793.9954849291884
MA,2026,668.2216617577038
MA,2027,668.2216617577038
MA,2028,553.9118855711747
MA,2029,553.9118855711747
MA,2030,504.85899222208565
MA,2031,490.9257658865242
MA,2032,476.9925395509627
MA,2033,463.05931321540123
MA,2034,449.1260868798397
MA,2035,435.19286054427823
MA,2036,426.10980793312103
MA,2037,417.02675532196383
MA,2038,407.94370271080675
MA,2039,398.86065009964955
MA,2040,389.77759748849235
MA,2041,379.0631228063992
MA,2042,368.348648124306
MA,2043,357.6341734422128
MA,2044,346.9196987601197
MA,2045,336.20522407802645
MA,2046,331.2668653768148
MA,2047,326.32850667560314
MA,2048,321.3901479743915
MA,2049,316.4517892731798
MA,2050,311.5134305719682
MA,2051,311.5134305719682
MA,2052,311.5134305719682
MA,2053,311.5134305719682
MA,2054,311.5134305719682
MA,2055,311.5134305719682
MA,2056,311.5134305719682
MA,2057,311.5134305719682
MA,2058,311.5134305719682
MA,2059,311.5134305719682
MA,2060,311.5134305719682
MA,2061,311.5134305719682
MA,2062,311.5134305719682
MA,2063,311.5134305719682
MA,2064,311.5134305719682
MA,2065,311.5134305719682
MA,2066,311.5134305719682
MA,2067,311.5134305719682
MA,2068,311.5134305719682
MA,2069,311.5134305719682
MD,2020,903.0141625072764
MD,2021,903.0141625072764
MD,2022,903.0141625072764
MD,2023,903.0141625072764
MD,2024,903.0141625072764
MD,2025,834.009418155524
MD,2026,680.2368648477054
MD,2027,680.2368648477054
MD,2028,580.5878410553986
MD,2029,580.5878410553986
MD,2030,565.706626219158
MD,2031,568.1758055697638
MD,2032,570.6449849203697
MD,2033,573.1141642709755
MD,2034,575.5833436215813
MD,2035,578.0525229721871
MD,2036,582.5940492777657
MD,2037,587.1355755833443
MD,2038,591.677101888923
MD,2039,596.2186281945015
MD,2040,600.76015450008
MD,2041,601.7301892449609
MD,2042,602.7002239898418
MD,2043,603.6702587347227
MD,2044,604.6402934796035
MD,2045,605.6103282244844
MD,2046,604.5962009911999
MD,2047,603.5820737579153
MD,2048,602.5679465246308
MD,2049,601.5538192913461
MD,2050,600.5396920580616
MD,2051,600.5396920580616
MD,2052,600.5396920580616
MD,2053,600.5396920580616
MD,2054,600.5396920580616
MD,2055,600.5396920580616
MD,2056,600.5396920580616
MD,2057,600.5396920580616
MD,2058,600.5396920580616
MD,2059,600.5396920580616
MD,2060,600.5396920580616
MD,2061,600.5396920580616
MD,2062,600.5396920580616
MD,2063,600.5396920580616
MD,2064,600.5396920580616
MD,2065,600.5396920580616
MD,2066,600.5396920580616
MD,2067,600.5396920580616
MD,2068,600.5396920580616
MD,2069,600.5396920580616
ME,2020,622.8063987019179
ME,2021,622.8063987019179
ME,2022,622.8063987019179
ME,2023,622.8063987019179
ME,2024,622.8063987019179
ME,2025,570.7772623855806
ME,2026,463.41205312263054
ME,2027,463.41205312263054
ME,2028,384.2660364380329
ME,2029,384.2660364380329
ME,2030,360.45609270004803
ME,2031,357.1491560697724
ME,2032,353.8422194394967
ME,2033,350.53528280922103
ME,2034,347.22834617894534
ME,2035,343.9214095486697
ME,2036,347.0960687137343
ME,2037,350.270727878799
ME,2038,353.4453870438636
ME,2039,356.6200462089283
ME,2040,359.7947053739929
ME,2041,362.04342228258037
ME,2042,364.29213919116785
ME,2043,366.5408560997553
ME,2044,368.78957300834276
ME,2045,371.03828991693024
ME,2046,372.7138044762699
ME,2047,374.3893190356095
ME,2048,376.0648335949492
ME,2049,377.7403481542889
ME,2050,379.41586271362854
ME,2051,379.41586271362854
ME,2052,379.41586271362854
ME,2053,379.41586271362854
ME,2054,379.41586271362854
ME,2055,379.41586271362854
ME,2056,379.41586271362854
ME,2057,379.41586271362854
ME,2058,379.41586271362854
ME,2059,379.41586271362854
ME,2060,379.41586271362854
ME,2061,379.41586271362854
ME,2062,379.41586271362854
ME,2063,379.41586271362854
ME,2064,379.41586271362854
ME,2065,379.41586271362854
ME,2066,379.41586271362854
ME,2067,379.41586271362854
ME,2068,379.41586271362854
ME,2069,379.41586271362854
MI,2020,957.2479232437973
MI,2021,957.2479232437973
MI,2022,957.2479232437973
MI,2023,957.2479232437973
MI,2024,957.2479232437973
MI,2025,942.9178645126027
MI,2026,921.6432388578291
MI,2027,921.6432388578291
MI,2028,913.8168221661768
MI,2029,913.8168221661768
MI,2030,912.9349723981034
MI,2031,919.7252156122694
MI,2032,926.5154588264354
MI,2033,933.3057020406015
MI,2034,940.0959452547676
MI,2035,946.8861884689336
MI,2036,948.1648706326401
MI,2037,949.4435527963467
MI,2038,950.7222349600534
MI,2039,952.0009171237599
MI,2040,953.2795992874665
MI,2041,952.0891021005672
MI,2042,950.898604913668
MI,2043,949.7081077267687
MI,2044,948.5176105398696
MI,2045,947.3271133529703
MI,2046,940.8455175576299
MI,2047,934.3639217622897
MI,2048,927.8823259669493
MI,2049,921.4007301716091
MI,2050,914.9191343762687
MI,2051,914.9191343762687
MI,2052,914.9191343762687
MI,2053,914.9191343762687
MI,2054,914.9191343762687
MI,2055,914.9191343762687
MI,2056,914.9191343762687
MI,2057,914.9191343762687
MI,2058,914.9191343762687
MI,2059,914.9191343762687
MI,2060,914.9191343762687
MI,2061,914.9191343762687
MI,2062,914.9191343762687
MI,2063,914.9191343762687
MI,2064,914.9191343762687
MI,2065,914.9191343762687
MI,2066,914.9191343762687
MI,2067,914.9191343762687
MI,2068,914.9191343762687
MI,2069,914.9191343762687
MN,2020,629.1998095204508
MN,2021,629.1998095204508
MN,2022,629.1998095204508
MN,2023,629.1998095204508
MN,2024,629.1998095204508
MN,2025,495.0484135522678
MN,2026,282.6328506675606
MN,2027,282.6328506675606
MN,2028,222.88752888058016
MN,2029,222.88752888058016
MN,2030,241.40637401012393
MN,2031,254.06091818197882
MN,2032,266.7154623538337
MN,2033,279.3700065256886
MN,2034,292.0245506975435
MN,2035,304.6790948693984
MN,2036,312.83620522407836
MN,2037,320.99331557875837
MN,2038,329.1504259334383
MN,2039,337.30753628811834
MN,2040,345.4646466427983
MN,2041,345.4205541543946
MN,2042,345.376461665991
MN,2043,345.3323691775873
MN,2044,345.28827668918365
MN,2045,345.24418420077996
MN,2046,346.1260339688535
MN,2047,347.007883736927
MN,2048,347.8897335050005
MN,2049,348.771583273074
MN,2050,349.65343304114754
MN,2051,349.65343304114754
MN,2052,349.65343304114754
MN,2053,349.65343304114754
MN,2054,349.65343304114754
MN,2055,349.65343304114754
MN,2056,349.65343304114754
MN,2057,349.65343304114754
MN,2058,349.65343304114754
MN,2059,349.65343304114754
MN,2060,349.65343304114754
MN,2061,349.65343304114754
MN,2062,349.65343304114754
MN,2063,349.65343304114754
MN,2064,349.65343304114754
MN,2065,349.65343304114754
MN,2066,349.65343304114754
MN,2067,349.65343304114754
MN,2068,349.65343304114754
MN,2069,349.65343304114754
MO,2020,881.849768073512
MO,2021,881.849768073512
MO,2022,881.849768073512
MO,2023,881.849768073512
MO,2024,881.849768073512
MO,2025,758.5010317642295
MO,2026,526.2438490978684
MO,2027,526.2438490978684
MO,2028,393.4152277817955
MO,2029,393.4152277817955
MO,2030,369.49505282280154
MO,2031,387.3084181378865
MO,2032,405.12178345297144
MO,2033,422.93514876805637
MO,2034,440.74851408314134
MO,2035,458.56187939822627
MO,2036,461.91290851690565
MO,2037,465.26393763558497
MO,2038,468.6149667542643
MO,2039,471.9659958729436
MO,2040,475.317024991623
MO,2041,477.16890950457736
MO,2042,479.0207940175317
MO,2043,480.87267853048616
MO,2044,482.7245630434405
MO,2045,484.5764475563949
MO,2046,474.83200761918255
MO,2047,465.08756768197026
MO,2048,455.3431277447579
MO,2049,445.5986878075457
MO,2050,435.8542478703333
MO,2051,435.8542478703333
MO,2052,435.8542478703333
MO,2053,435.8542478703333
MO,2054,435.8542478703333
MO,2055,435.8542478703333
MO,2056,435.8542478703333
MO,2057,435.8542478703333
MO,2058,435.8542478703333
MO,2059,435.8542478703333
MO,2060,435.8542478703333
MO,2061,435.8542478703333
MO,2062,435.8542478703333
MO,2063,435.8542478703333
MO,2064,435.8542478703333
MO,2065,435.8542478703333
MO,2066,435.8542478703333
MO,2067,435.8542478703333
MO,2068,435.8542478703333
MO,2069,435.8542478703333
MS,2020,1034.630240392248
MS,2021,1034.630240392248
MS,2022,1034.630240392248
MS,2023,1034.630240392248
MS,2024,1034.630240392248
MS,2025,999.9074057743535
MS,2026,917.6749149014985
MS,2027,917.6749149014985
MS,2028,880.1962997583743
MS,2029,880.1962997583743
MS,2030,890.2273408702105
MS,2031,886.7440342863201
MS,2032,883.2607277024297
MS,2033,879.7774211185393
MS,2034,876.2941145346489
MS,2035,872.8108079507585
MS,2036,861.1703910121882
MS,2037,849.5299740736178
MS,2038,837.8895571350474
MS,2039,826.249140196477
MS,2040,814.6087232579067
MS,2041,789.2555424257932
MS,2042,763.9023615936799
MS,2043,738.5491807615664
MS,2044,713.1959999294529
MS,2045,687.8428190973394
MS,2046,675.3205523906955
MS,2047,662.7982856840516
MS,2048,650.2760189774078
MS,2049,637.7537522707639
MS,2050,625.2314855641201
MS,2051,625.2314855641201
MS,2052,625.2314855641201
MS,2053,625.2314855641201
MS,2054,625.2314855641201
MS,2055,625.2314855641201
MS,2056,625.2314855641201
MS,2057,625.2314855641201
MS,2058,625.2314855641201
MS,2059,625.2314855641201
MS,2060,625.2314855641201
MS,2061,625.2314855641201
MS,2062,625.2314855641201
MS,2063,625.2314855641201
MS,2064,625.2314855641201
MS,2065,625.2314855641201
MS,2066,625.2314855641201
MS,2067,625.2314855641201
MS,2068,625.2314855641201
MS,2069,625.2314855641201
MT,2020,821.0021340764397
MT,2021,821.0021340764397
MT,2022,821.0021340764397
MT,2023,821.0021340764397
MT,2024,821.0021340764397
MT,2025,709.1174447521129
MT,2026,507.3943103052969
MT,2027,507.3943103052969
MT,2028,384.8171925430789
MT,2029,384.8171925430789
MT,2030,352.0785199033497
MT,2031,370.112347660453
MT,2032,388.1461754175563
MT,2033,406.18000317465965
MT,2034,424.21383093176297
MT,2035,442.2476586888663
MT,2036,460.36967142277695
MT,2037,478.4916841566876
MT,2038,496.6136968905983
MT,2039,514.735709624509
MT,2040,532.8577223584197
MT,2041,530.6530979382359
MT,2042,528.4484735180521
MT,2043,526.2438490978683
MT,2044,524.0392246776845
MT,2045,521.8346002575007
MT,2046,526.5524965166941
MT,2047,531.2703927758873
MT,2048,535.9882890350806
MT,2049,540.706185294274
MT,2050,545.4240815534672
MT,2051,545.4240815534672
MT,2052,545.4240815534672
MT,2053,545.4240815534672
MT,2054,545.4240815534672
MT,2055,545.4240815534672
MT,2056,545.4240815534672
MT,2057,545.4240815534672
MT,2058,545.4240815534672
MT,2059,545.4240815534672
MT,2060,545.4240815534672
MT,2061,545.4240815534672
MT,2062,545.4240815534672
MT,2063,545.4240815534672
MT,2064,545.4240815534672
MT,2065,545.4240815534672
MT,2066,545.4240815534672
MT,2067,545.4240815534672
MT,2068,545.4240815534672
MT,2069,545.4240815534672
NC,2020,827.6160073369911
NC,2021,827.6160073369911
NC,2022,827.6160073369911
NC,2023,827.6160073369911
NC,2024,827.6160073369911
NC,2025,717.0540926647745
NC,2026,521.0629817104365
NC,2027,521.0629817104365
NC,2028,417.11494029877116
NC,2029,417.11494029877116
NC,2030,398.59609516922745
NC,2031,386.02973597417997
NC,2032,373.4633767791324
NC,2033,360.89701758408484
NC,2034,348.33065838903724
NC,2035,335.76429919398976
NC,2036,317.51000899486803
NC,2037,299.25571879574636
NC,2038,281.00142859662463
NC,2039,262.7471383975029
NC,2040,244.49284819838124
NC,2041,218.61055750542366
NC,2042,192.72826681246607
NC,2043,166.8459761195085
NC,2044,140.9636854265509
NC,2045,115.08139473359333
NC,2046,102.6473130037568
NC,2047,90.21323127392029
NC,2048,77.77914954408377
NC,2049,65.34506781424724
NC,2050,52.91098608441072
NC,2051,52.91098608441072
NC,2052,52.91098608441072
NC,2053,52.91098608441072
NC,2054,52.91098608441072
NC,2055,52.91098608441072
NC,2056,52.91098608441072
NC,2057,52.91098608441072
NC,2058,52.91098608441072
NC,2059,52.91098608441072
NC,2060,52.91098608441072
NC,2061,52.91098608441072
NC,2062,52.91098608441072
NC,2063,52.91098608441072
NC,2064,52.91098608441072
NC,2065,52.91098608441072
NC,2066,52.91098608441072
NC,2067,52.91098608441072
NC,2068,52.91098608441072
NC,2069,52.91098608441072
ND,2020,636.0341452230206
ND,2021,636.0341452230206
ND,2022,636.0341452230206
ND,2023,636.0341452230206
ND,2024,636.0341452230206
ND,2025,506.1817668741959
ND,2026,305.8916383004995
ND,2027,305.8916383004995
ND,2028,258.0512883825115
ND,2029,258.0512883825115
ND,2030,280.6486886893952
ND,2031,296.7865394451405
ND,2032,312.92439020088574
ND,2033,329.062240956631
ND,2034,345.2000917123763
ND,2035,361.3379424681216
ND,2036,372.8460819414809
ND,2037,384.35422141484025
ND,2038,395.8623608881996
ND,2039,407.37050036155887
ND,2040,418.8786398349182
ND,2041,421.56828162754243
ND,2042,424.25792342016666
ND,2043,426.94756521279083
ND,2044,429.63720700541506
ND,2045,432.3268487980393
ND,2046,434.22282579939736
ND,2047,436.11880280075536
ND,2048,438.0147798021134
ND,2049,439.9107568034715
ND,2050,441.80673380482955
ND,2051,441.80673380482955
ND,2052,441.80673380482955
ND,2053,441.80673380482955
ND,2054,441.80673380482955
ND,2055,441.80673380482955
ND,2056,441.80673380482955
ND,2057,441.80673380482955
ND,2058,441.80673380482955
ND,2059,441.80673380482955
ND,2060,441.80673380482955
ND,2061,441.80673380482955
ND,2062,441.80673380482955
ND,2063,441.80673380482955
ND,2064,441.80673380482955
ND,2065,441.80673380482955
ND,2066,441.80673380482955
ND,2067,441.80673380482955
ND,2068,441.80673380482955
ND,2069,441.80673380482955
NE,2020,647.2777297659579
NE,2021,647.2777297659579
NE,2022,647.2777297659579
NE,2023,647.2777297659579
NE,2024,647.2777297659579
NE,2025,521.8346002575008
NE,2026,324.85140831408006
NE,2027,324.85140831408006
NE,2028,270.28695391453147
NE,2029,270.28695391453147
NE,2030,287.2625619499466
NE,2031,302.16582303038894
NE,2032,317.0690841108312
NE,2033,331.9723451912736
NE,2034,346.875606271716
NE,2035,361.77886735215833
NE,2036,373.1547293603066
NE,2037,384.5305913684549
NE,2038,395.9064533766033
NE,2039,407.28231538475154
NE,2040,418.65817739289986
NE,2041,421.5241891391388
NE,2042,424.3902008853777
NE,2043,427.2562126316166
NE,2044,430.1222243778555
NE,2045,432.98823612409444
NE,2046,435.45741547470027
NE,2047,437.9265948253061
NE,2048,440.3957741759119
NE,2049,442.86495352651775
NE,2050,445.3341328771236
NE,2051,445.3341328771236
NE,2052,445.3341328771236
NE,2053,445.3341328771236
NE,2054,445.3341328771236
NE,2055,445.3341328771236
NE,2056,445.3341328771236
NE,2057,445.3341328771236
NE,2058,445.3341328771236
NE,2059,445.3341328771236
NE,2060,445.3341328771236
NE,2061,445.3341328771236
NE,2062,445.3341328771236
NE,2063,445.3341328771236
NE,2064,445.3341328771236
NE,2065,445.3341328771236
NE,2066,445.3341328771236
NE,2067,445.3341328771236
NE,2068,445.3341328771236
NE,2069,445.3341328771236
NH,2020,911.1712728619564
NH,2021,911.1712728619564
NH,2022,911.1712728619564
NH,2023,911.1712728619564
NH,2024,911.1712728619564
NH,2025,883.6134676096591
NH,2026,853.7408067161689
NH,2027,853.7408067161689
NH,2028,859.2523677666283
NH,2029,859.2523677666283
NH,2030,867.0787844582808
NH,2031,869.4156863436756
NH,2032,871.7525882290704
NH,2033,874.0894901144652
NH,2034,876.42639199986
NH,2035,878.7632938852548
NH,2036,866.1969346902073
NH,2037,853.6305754951597
NH,2038,841.0642163001121
NH,2039,828.4978571050646
NH,2040,815.9314979100171
NH,2041,794.458456057427
NH,2042,772.985414204837
NH,2043,751.512372352247
NH,2044,730.0393304996569
NH,2045,708.5662886470669
NH,2046,696.6613167780745
NH,2047,684.756344909082
NH,2048,672.8513730400897
NH,2049,660.9464011710971
NH,2050,649.0414293021048
NH,2051,649.0414293021048
NH,2052,649.0414293021048
NH,2053,649.0414293021048
NH,2054,649.0414293021048
NH,2055,649.0414293021048
NH,2056,649.0414293021048
NH,2057,649.0414293021048
NH,2058,649.0414293021048
NH,2059,649.0414293021048
NH,2060,649.0414293021048
NH,2061,649.0414293021048
NH,2062,649.0414293021048
NH,2063,649.0414293021048
NH,2064,649.0414293021048
NH,2065,649.0414293021048
NH,2066,649.0414293021048
NH,2067,649.0414293021048
NH,2068,649.0414293021048
NH,2069,649.0414293021048
NJ,2020,904.557399601405
NJ,2021,904.557399601405
NJ,2022,904.557399601405
NJ,2023,904.557399601405
NJ,2024,904.557399601405
NJ,2025,849.4417890968105
NJ,2026,714.8494682445908
NJ,2027,714.8494682445908
NJ,2028,631.9555900456805
NJ,2029,631.9555900456805
NJ,2030,628.5384221943958
NJ,2031,630.6548616377721
NJ,2032,632.7713010811485
NJ,2033,634.887740524525
NJ,2034,637.0041799679015
NJ,2035,639.1206194112779
NJ,2036,647.9832095804165
NJ,2037,656.8457997495555
NJ,2038,665.7083899186943
NJ,2039,674.570980087833
NJ,2040,683.4335702569718
NJ,2041,685.726379653963
NJ,2042,688.0191890509541
NJ,2043,690.3119984479453
NJ,2044,692.6048078449363
NJ,2045,694.8976172419275
NJ,2046,695.0298947071385
NJ,2047,695.1621721723495
NJ,2048,695.2944496375605
NJ,2049,695.4267271027716
NJ,2050,695.5590045679826
NJ,2051,695.5590045679826
NJ,2052,695.5590045679826
NJ,2053,695.5590045679826
NJ,2054,695.5590045679826
NJ,2055,695.5590045679826
NJ,2056,695.5590045679826
NJ,2057,695.5590045679826
NJ,2058,695.5590045679826
NJ,2059,695.5590045679826
NJ,2060,695.5590045679826
NJ,2061,695.5590045679826
NJ,2062,695.5590045679826
NJ,2063,695.5590045679826
NJ,2064,695.5590045679826
NJ,2065,695.5590045679826
NJ,2066,695.5590045679826
NJ,2067,695.5590045679826
NJ,2068,695.5590045679826
NJ,2069,695.5590045679826
NM,2020,745.6039789061545
NM,2021,745.6039789061545
NM,2022,745.6039789061545
NM,2023,745.6039789061545
NM,2024,745.6039789061545
NM,2025,608.8070336337508
NM,2026,385.5888110901431
NM,2027,385.5888110901431
NM,2028,238.43013104287581
NM,2029,238.43013104287581
NM,2030,177.69272826681268
NM,2031,185.89393110989633
NM,2032,194.09513395297998
NM,2033,202.29633679606366
NM,2034,210.49753963914733
NM,2035,218.69874248223098
NM,2036,220.59471948358905
NM,2037,222.4906964849471
NM,2038,224.38667348630514
NM,2039,226.2826504876632
NM,2040,228.17862748902124
NM,2041,211.73212931445025
NM,2042,195.28563113987923
NM,2043,178.83913296530827
NM,2044,162.39263479073725
NM,2045,145.94613661616626
NM,2046,134.21753470078855
NM,2047,122.48893278541082
NM,2048,110.76033087003312
NM,2049,99.0317289546554
NM,2050,87.3031270392777
NM,2051,87.3031270392777
NM,2052,87.3031270392777
NM,2053,87.3031270392777
NM,2054,87.3031270392777
NM,2055,87.3031270392777
NM,2056,87.3031270392777
NM,2057,87.3031270392777
NM,2058,87.3031270392777
NM,2059,87.3031270392777
NM,2060,87.3031270392777
NM,2061,87.3031270392777
NM,2062,87.3031270392777
NM,2063,87.3031270392777
NM,2064,87.3031270392777
NM,2065,87.3031270392777
NM,2066,87.3031270392777
NM,2067,87.3031270392777
NM,2068,87.3031270392777
NM,2069,87.3031270392777
NV,2020,724.6600469144086
NV,2021,724.6600469144086
NV,2022,724.6600469144086
NV,2023,724.6600469144086
NV,2024,724.6600469144086
NV,2025,603.1852413622823
NV,2026,400.80071958941124
NV,2027,400.80071958941124
NV,2028,271.05857246159576
NV,2029,271.05857246159576
NV,2030,222.22614155452504
NV,2031,236.5562002857196
NV,2032,250.88625901691418
NV,2033,265.2163177481088
NV,2034,279.5463764793033
NV,2035,293.8764352104979
NV,2036,307.98603149967414
NV,2037,322.0956277888503
NV,2038,336.20522407802645
NV,2039,350.3148203672027
NV,2040,364.42441665637887
NV,2041,365.79128379689286
NV,2042,367.1581509374068
NV,2043,368.52501807792066
NV,2044,369.89188521843465
NV,2045,371.2587523589486
NV,2046,373.4192842907287
NV,2047,375.57981622250884
NV,2048,377.7403481542889
NV,2049,379.90088008606904
NV,2050,382.06141201784914
NV,2051,382.06141201784914
NV,2052,382.06141201784914
NV,2053,382.06141201784914
NV,2054,382.06141201784914
NV,2055,382.06141201784914
NV,2056,382.06141201784914
NV,2057,382.06141201784914
NV,2058,382.06141201784914
NV,2059,382.06141201784914
NV,2060,382.06141201784914
NV,2061,382.06141201784914
NV,2062,382.06141201784914
NV,2063,382.06141201784914
NV,2064,382.06141201784914
NV,2065,382.06141201784914
NV,2066,382.06141201784914
NV,2067,382.06141201784914
NV,2068,382.06141201784914
NV,2069,382.06141201784914
NY,2020,677.4810843224757
NY,2021,677.4810843224757
NY,2022,677.4810843224757
NY,2023,677.4810843224757
NY,2024,677.4810843224757
NY,2025,632.3965149297173
NY,2026,486.11968465052354
NY,2027,486.11968465052354
NY,2028,304.8995573114168
NY,2029,304.8995573114168
NY,2030,224.87169085874558
NY,2031,193.65420906894326
NY,2032,162.43672727914094
NY,2033,131.2192454893386
NY,2034,100.00176369953627
NY,2035,68.78428190973393
NY,2036,58.99574948411795
NY,2037,49.207217058501975
NY,2038,39.41868463288599
NY,2039,29.630152207270008
NY,2040,19.84161978165402
NY,2041,15.873295825323217
NY,2042,11.904971868992414
NY,2043,7.936647912661607
NY,2044,3.9683239563308037
NY,2045,0
NY,2046,0
NY,2047,0
NY,2048,0
NY,2049,0
NY,2050,0
NY,2051,0
NY,2052,0
NY,2053,0
NY,2054,0
NY,2055,0
NY,2056,0
NY,2057,0
NY,2058,0
NY,2059,0
NY,2060,0
NY,2061,0
NY,2062,0
NY,2063,0
NY,2064,0
NY,2065,0
NY,2066,0
NY,2067,0
NY,2068,0
NY,2069,0
OH,2020,995.6083881549952
OH,2021,995.6083881549952
OH,2022,995.6083881549952
OH,2023,995.6083881549952
OH,2024,995.6083881549952
OH,2025,972.3496005220562
OH,2026,901.8016190761753
OH,2027,901.8016190761753
OH,2028,851.8668759590126
OH,2029,851.8668759590126
OH,2030,849.221326654792
OH,2031,853.7628529603707
OH,2032,858.3043792659493
OH,2033,862.8459055715279
OH,2034,867.3874318771065
OH,2035,871.928958182685
OH,2036,878.7632938852548
OH,2037,885.5976295878245
OH,2038,892.4319652903943
OH,2039,899.2663009929639
OH,2040,906.1006366955336
OH,2041,904.8660470202307
OH,2042,903.6314573449278
OH,2043,902.3968676696248
OH,2044,901.1622779943219
OH,2045,899.927688319019
OH,2046,897.6348789220278
OH,2047,895.3420695250368
OH,2048,893.0492601280456
OH,2049,890.7564507310545
OH,2050,888.4636413340634
OH,2051,888.4636413340634
OH,2052,888.4636413340634
OH,2053,888.4636413340634
OH,2054,888.4636413340634
OH,2055,888.4636413340634
OH,2056,888.4636413340634
OH,2057,888.4636413340634
OH,2058,888.4636413340634
OH,2059,888.4636413340634
OH,2060,888.4636413340634
OH,2061,888.4636413340634
OH,2062,888.4636413340634
OH,2063,888.4636413340634
OH,2064,888.4636413340634
OH,2065,888.4636413340634
OH,2066,888.4636413340634
OH,2067,888.4636413340634
OH,2068,888.4636413340634
OH,2069,888.4636413340634
OK,2020,887.1408666819531
OK,2021,887.1408666819531
OK,2022,887.1408666819531
OK,2023,887.1408666819531
OK,2024,887.1408666819531
OK,2025,755.7452512389997
OK,2026,509.9296283885084
OK,2027,509.9296283885084
OK,2028,333.89036843683346
OK,2029,333.89036843683346
OK,2030,272.27111589269686
OK,2031,285.1461225065701
OK,2032,298.0211291204434
OK,2033,310.89613573431666
OK,2034,323.7711423481899
OK,2035,336.6461489620632
OK,2036,353.4453870438636
OK,2037,370.244625125664
OK,2038,387.0438632074644
OK,2039,403.84310128926484
OK,2040,420.64233937106525
OK,2041,428.2262473764975
OK,2042,435.8101553819297
OK,2043,443.3940633873619
OK,2044,450.9779713927941
OK,2045,458.56187939822627
OK,2046,458.29732446780423
OK,2047,458.03276953738214
OK,2048,457.76821460696016
OK,2049,457.50365967653806
OK,2050,457.239104746116
OK,2051,457.239104746116
OK,2052,457.239104746116
OK,2053,457.239104746116
OK,2054,457.239104746116
OK,2055,457.239104746116
OK,2056,457.239104746116
OK,2057,457.239104746116
OK,2058,457.239104746116
OK,2059,457.239104746116
OK,2060,457.239104746116
OK,2061,457.239104746116
OK,2062,457.239104746116
OK,2063,457.239104746116
OK,2064,457.239104746116
OK,2065,457.239104746116
OK,2066,457.239104746116
OK,2067,457.239104746116
OK,2068,457.239104746116
OK,2069,457.239104746116
OR,2020,813.0654861637781
OR,2021,813.0654861637781
OR,2022,813.0654861637781
OR,2023,813.0654861637781
OR,2024,813.0654861637781
OR,2025,702.2831090495432
OR,2026,491.52101447997376
OR,2027,491.52101447997376
OR,2028,284.617012645726
OR,2029,284.617012645726
OR,2030,177.69272826681268
OR,2031,164.24451930369162
OR,2032,150.79631034057053
OR,2033,137.3481013774495
OR,2034,123.89989241432845
OR,2035,110.45168345120739
OR,2036,96.38617965043487
OR,2037,82.32067584966235
OR,2038,68.25517204888983
OR,2039,54.189668248117314
OR,2040,40.124164447344796
OR,2041,32.099331557875836
OR,2042,24.07449866840688
OR,2043,16.04966577893792
OR,2044,8.02483288946896
OR,2045,0
OR,2046,0
OR,2047,0
OR,2048,0
OR,2049,0
OR,2050,0
OR,2051,0
OR,2052,0
OR,2053,0
OR,2054,0
OR,2055,0
OR,2056,0
OR,2057,0
OR,2058,0
OR,2059,0
OR,2060,0
OR,2061,0
OR,2062,0
OR,2063,0
OR,2064,0
OR,2065,0
OR,2066,0
OR,2067,0
OR,2068,0
OR,2069,0
PA,2020,952.1772870773746
PA,2021,952.1772870773746
PA,2022,952.1772870773746
PA,2023,952.1772870773746
PA,2024,952.1772870773746
PA,2025,913.8168221661768
PA,2026,823.3169897176327
PA,2027,823.3169897176327
PA,2028,790.2476234148761
PA,2029,790.2476234148761
PA,2030,809.3176246494658
PA,2031,822.8540185893942
PA,2032,836.3904125293225
PA,2033,849.926806469251
PA,2034,863.4632004091794
PA,2035,876.9995943491077
PA,2036,889.5659535441553
PA,2037,902.1323127392028
PA,2038,914.6986719342505
PA,2039,927.265031129298
PA,2040,939.8313903243455
PA,2041,939.4345579287124
PA,2042,939.0377255330793
PA,2043,938.6408931374463
PA,2044,938.2440607418131
PA,2045,937.84722834618
PA,2046,934.4961992275007
PA,2047,931.1451701088214
PA,2048,927.794140990142
PA,2049,924.4431118714626
PA,2050,921.0920827527833
PA,2051,921.0920827527833
PA,2052,921.0920827527833
PA,2053,921.0920827527833
PA,2054,921.0920827527833
PA,2055,921.0920827527833
PA,2056,921.0920827527833
PA,2057,921.0920827527833
PA,2058,921.0920827527833
PA,2059,921.0920827527833
PA,2060,921.0920827527833
PA,2061,921.0920827527833
PA,2062,921.0920827527833
PA,2063,921.0920827527833
PA,2064,921.0920827527833
PA,2065,921.0920827527833
PA,2066,921.0920827527833
PA,2067,921.0920827527833
PA,2068,921.0920827527833
PA,2069,921.0920827527833
RI,2020,839.7414416480018
RI,2021,839.7414416480018
RI,2022,839.7414416480018
RI,2023,839.7414416480018
RI,2024,839.7414416480018
RI,2025,765.3353674667992
RI,2026,602.523854036227
RI,2027,602.523854036227
RI,2028,403.2258064516133
RI,2029,403.2258064516133
RI,2030,292.33319811636926
RI,2031,258.7788144411721
RI,2032,225.22443076597497
RI,2033,191.67004709077784
RI,2034,158.1156634155807
RI,2035,124.56127974038358
RI,2036,102.2945730965274
RI,2037,80.02786645267122
RI,2038,57.761159808815044
RI,2039,35.49445316495886
RI,2040,13.22774652110268
RI,2041,13.315931497910032
RI,2042,13.404116474717384
RI,2043,13.492301451524735
RI,2044,13.580486428332087
RI,2045,13.668671405139436
RI,2046,13.712763893543112
RI,2047,13.756856381946788
RI,2048,13.800948870350464
RI,2049,13.84504135875414
RI,2050,13.889133847157815
RI,2051,13.889133847157815
RI,2052,13.889133847157815
RI,2053,13.889133847157815
RI,2054,13.889133847157815
RI,2055,13.889133847157815
RI,2056,13.889133847157815
RI,2057,13.889133847157815
RI,2058,13.889133847157815
RI,2059,13.889133847157815
RI,2060,13.889133847157815
RI,2061,13.889133847157815
RI,2062,13.889133847157815
RI,2063,13.889133847157815
RI,2064,13.889133847157815
RI,2065,13.889133847157815
RI,2066,13.889133847157815
RI,2067,13.889133847157815
RI,2068,13.889133847157815
RI,2069,13.889133847157815
SC,2020,834.6708054815792
SC,2021,834.6708054815792
SC,2022,834.6708054815792
SC,2023,834.6708054815792
SC,2024,834.6708054815792
SC,2025,729.7306830808312
SC,2026,562.9508456939283
SC,2027,562.9508456939283
SC,2028,519.8504382793354
SC,2029,519.8504382793354
SC,2030,538.5897458508975
SC,2031,563.6342792641852
SC,2032,588.678812677473
SC,2033,613.7233460907607
SC,2034,638.7678795040484
SC,2035,663.8124129173362
SC,2036,687.8869115857432
SC,2037,711.96141025415
SC,2038,736.0359089225568
SC,2039,760.1104075909636
SC,2040,784.1849062593706
SC,2041,793.5325138009498
SC,2042,802.880121342529
SC,2043,812.2277288841082
SC,2044,821.5753364256874
SC,2045,830.9229439672666
SC,2046,830.5261115716336
SC,2047,830.1292791760005
SC,2048,829.7324467803675
SC,2049,829.3356143847344
SC,2050,828.9387819891014
SC,2051,828.9387819891014
SC,2052,828.9387819891014
SC,2053,828.9387819891014
SC,2054,828.9387819891014
SC,2055,828.9387819891014
SC,2056,828.9387819891014
SC,2057,828.9387819891014
SC,2058,828.9387819891014
SC,2059,828.9387819891014
SC,2060,828.9387819891014
SC,2061,828.9387819891014
SC,2062,828.9387819891014
SC,2063,828.9387819891014
SC,2064,828.9387819891014
SC,2065,828.9387819891014
SC,2066,828.9387819891014
SC,2067,828.9387819891014
SC,2068,828.9387819891014
SC,2069,828.9387819891014
SD,2020,669.7648988518324
SD,2021,669.7648988518324
SD,2022,669.7648988518324
SD,2023,669.7648988518324
SD,2024,669.7648988518324
SD,2025,546.8570874265866
SD,2026,348.99204571509244
SD,2027,348.99204571509244
SD,2028,286.60117462389144
SD,2029,286.60117462389144
SD,2030,299.1675338189389
SD,2031,313.6298700153445
SD,2032,328.0922062117501
SD,2033,342.5545424081557
SD,2034,357.0168786045613
SD,2035,371.47921480096693
SD,2036,383.69283408878505
SD,2037,395.9064533766032
SD,2038,408.1200726644214
SD,2039,420.3336919522395
SD,2040,432.54731124005764
SD,2041,434.84012063704876
SD,2042,437.13293003403993
SD,2043,439.42573943103105
SD,2044,441.7185488280222
SD,2045,444.01135822501334
SD,2046,446.9655549480596
SD,2047,449.91975167110587
SD,2048,452.8739483941521
SD,2049,455.82814511719835
SD,2050,458.7823418402446
SD,2051,458.7823418402446
SD,2052,458.7823418402446
SD,2053,458.7823418402446
SD,2054,458.7823418402446
SD,2055,458.7823418402446
SD,2056,458.7823418402446
SD,2057,458.7823418402446
SD,2058,458.7823418402446
SD,2059,458.7823418402446
SD,2060,458.7823418402446
SD,2061,458.7823418402446
SD,2062,458.7823418402446
SD,2063,458.7823418402446
SD,2064,458.7823418402446
SD,2065,458.7823418402446
SD,2066,458.7823418402446
SD,2067,458.7823418402446
SD,2068,458.7823418402446
SD,2069,458.7823418402446
TN,2020,809.9790119755207
TN,2021,809.9790119755207
TN,2022,809.9790119755207
TN,2023,809.9790119755207
TN,2024,809.9790119755207
TN,2025,800.8298206317581
TN,2026,800.2786645267122
TN,2027,800.2786645267122
TN,2028,882.9520802836039
TN,2029,882.9520802836039
TN,2030,957.0274608017791
TN,2031,979.5146298876535
TN,2032,1002.001798973528
TN,2033,1024.4889680594026
TN,2034,1046.9761371452773
TN,2035,1069.4633062311518
TN,2036,1066.8177569269312
TN,2037,1064.1722076227109
TN,2038,1061.52665831849
TN,2039,1058.8811090142697
TN,2040,1056.235559710049
TN,2041,1041.993685955662
TN,2042,1027.7518122012746
TN,2043,1013.5099384468874
TN,2044,999.2680646925002
TN,2045,985.026190938113
TN,2046,969.2851725780008
TN,2047,953.5441542178887
TN,2048,937.8031358577764
TN,2049,922.0621174976642
TN,2050,906.3210991375521
TN,2051,906.3210991375521
TN,2052,906.3210991375521
TN,2053,906.3210991375521
TN,2054,906.3210991375521
TN,2055,906.3210991375521
TN,2056,906.3210991375521
TN,2057,906.3210991375521
TN,2058,906.3210991375521
TN,2059,906.3210991375521
TN,2060,906.3210991375521
TN,2061,906.3210991375521
TN,2062,906.3210991375521
TN,2063,906.3210991375521
TN,2064,906.3210991375521
TN,2065,906.3210991375521
TN,2066,906.3210991375521
TN,2067,906.3210991375521
TN,2068,906.3210991375521
TN,2069,906.3210991375521
TX,2020,688.9451313074313
TX,2021,688.9451313074313
TX,2022,688.9451313074313
TX,2023,688.9451313074313
TX,2024,688.9451313074313
TX,2025,575.2967424469574
TX,2026,338.850773382247
TX,2027,338.850773382247
TX,2028,179.23596536094132
TX,2029,179.23596536094132
TX,2030,142.4187375438722
TX,2031,154.27961692446092
TX,2032,166.14049630504968
TX,2033,178.0013756856384
TX,2034,189.86225506622716
TX,2035,201.7231344468159
TX,2036,211.59985184923923
TX,2037,221.47656925166257
TX,2038,231.35328665408588
TX,2039,241.23000405650922
TX,2040,251.10672145893258
TX,2041,246.3447327113356
TX,2042,241.58274396373864
TX,2043,236.82075521614166
TX,2044,232.0587664685447
TX,2045,227.29677772094772
TX,2046,217.42006031852438
TX,2047,207.54334291610107
TX,2048,197.66662551367773
TX,2049,187.78990811125442
TX,2050,177.91319070883105
TX,2051,177.91319070883105
TX,2052,177.91319070883105
TX,2053,177.91319070883105
TX,2054,177.91319070883105
TX,2055,177.91319070883105
TX,2056,177.91319070883105
TX,2057,177.91319070883105
TX,2058,177.91319070883105
TX,2059,177.91319070883105
TX,2060,177.91319070883105
TX,2061,177.91319070883105
TX,2062,177.91319070883105
TX,2063,177.91319070883105
TX,2064,177.91319070883105
TX,2065,177.91319070883105
TX,2066,177.91319070883105
TX,2067,177.91319070883105
TX,2068,177.91319070883105
TX,2069,177.91319070883105
UT,2020,822.1044462865316
UT,2021,822.1044462865316
UT,2022,822.1044462865316
UT,2023,822.1044462865316
UT,2024,822.1044462865316
UT,2025,709.9992945201863
UT,2026,507.2840790842878
UT,2027,507.2840790842878
UT,2028,382.83303056491343
UT,2029,382.83303056491343
UT,2030,348.99204571509244
UT,2031,367.37861337942513
UT,2032,385.7651810437579
UT,2033,404.15174870809057
UT,2034,422.5383163724233
UT,2035,440.924884036756
UT,2036,459.4437291662998
UT,2037,477.9625742958436
UT,2038,496.4814194253873
UT,2039,515.000264554931
UT,2040,533.5191096844748
UT,2041,531.314485264291
UT,2042,529.1098608441073
UT,2043,526.9052364239235
UT,2044,524.7006120037397
UT,2045,522.4959875835559
UT,2046,527.3902537963639
UT,2047,532.2845200091718
UT,2048,537.1787862219799
UT,2049,542.0730524347879
UT,2050,546.9673186475958
UT,2051,546.9673186475958
UT,2052,546.9673186475958
UT,2053,546.9673186475958
UT,2054,546.9673186475958
UT,2055,546.9673186475958
UT,2056,546.9673186475958
UT,2057,546.9673186475958
UT,2058,546.9673186475958
UT,2059,546.9673186475958
UT,2060,546.9673186475958
UT,2061,546.9673186475958
UT,2062,546.9673186475958
UT,2063,546.9673186475958
UT,2064,546.9673186475958
UT,2065,546.9673186475958
UT,2066,546.9673186475958
UT,2067,546.9673186475958
UT,2068,546.9673186475958
UT,2069,546.9673186475958
VA,2020,867.5197093423175
VA,2021,867.5197093423175
VA,2022,867.5197093423175
VA,2023,867.5197093423175
VA,2024,867.5197093423175
VA,2025,768.6423040970749
VA,2026,598.5555300798964
VA,2027,598.5555300798964
VA,2028,530.3224042752083
VA,2029,530.3224042752083
VA,2030,533.2986472424565
VA,2031,526.0674791442536
VA,2032,518.8363110460508
VA,2033,511.60514294784804
VA,2034,504.3739748496452
VA,2035,497.14280675144244
VA,2036,466.2780648688695
VA,2037,435.4133229862966
VA,2038,404.5485811037237
VA,2039,373.6838392211507
VA,2040,342.8190973385778
VA,2041,303.929522566536
VA,2042,265.039947794494
VA,2043,226.15037302245216
VA,2044,187.2607982504103
VA,2045,148.3712234783684
VA,2046,124.51718725197989
VA,2047,100.66315102559139
VA,2048,76.8091147992029
VA,2049,52.95507857281441
VA,2050,29.101042346425896
VA,2051,29.101042346425896
VA,2052,29.101042346425896
VA,2053,29.101042346425896
VA,2054,29.101042346425896
VA,2055,29.101042346425896
VA,2056,29.101042346425896
VA,2057,29.101042346425896
VA,2058,29.101042346425896
VA,2059,29.101042346425896
VA,2060,29.101042346425896
VA,2061,29.101042346425896
VA,2062,29.101042346425896
VA,2063,29.101042346425896
VA,2064,29.101042346425896
VA,2065,29.101042346425896
VA,2066,29.101042346425896
VA,2067,29.101042346425896
VA,2068,29.101042346425896
VA,2069,29.101042346425896
VT,2020,457.239104746116
VT,2021,457.239104746116
VT,2022,457.239104746116
VT,2023,457.239104746116
VT,2024,457.239104746116
VT,2025,434.2007795551955
VT,2026,389.44690382546474
VT,2027,389.44690382546474
VT,2028,356.1570750806897
VT,2029,356.1570750806897
VT,2030,344.58279687472486
VT,2031,340.8790278488161
VT,2032,337.1752588229073
VT,2033,333.47148979699864
VT,2034,329.76772077108984
VT,2035,326.0639517451811
VT,2036,325.7112118379517
VT,2037,325.3584719307223
VT,2038,325.00573202349284
VT,2039,324.6529921162634
VT,2040,324.30025220903406
VT,2041,326.3725991640068
VT,2042,328.44494611897954
VT,2043,330.5172930739524
VT,2044,332.5896400289251
VT,2045,334.66198698389786
VT,2046,336.1611315896228
VT,2047,337.66027619534776
VT,2048,339.15942080107277
VT,2049,340.65856540679766
VT,2050,342.15771001252267
VT,2051,342.15771001252267
VT,2052,342.15771001252267
VT,2053,342.15771001252267
VT,2054,342.15771001252267
VT,2055,342.15771001252267
VT,2056,342.15771001252267
VT,2057,342.15771001252267
VT,2058,342.15771001252267
VT,2059,342.15771001252267
VT,2060,342.15771001252267
VT,2061,342.15771001252267
VT,2062,342.15771001252267
VT,2063,342.15771001252267
VT,2064,342.15771001252267
VT,2065,342.15771001252267
VT,2066,342.15771001252267
VT,2067,342.15771001252267
VT,2068,342.15771001252267
VT,2069,342.15771001252267
WA,2020,623.9087109120097
WA,2021,623.9087109120097
WA,2022,623.9087109120097
WA,2023,623.9087109120097
WA,2024,623.9087109120097
WA,2025,526.4643115398867
WA,2026,328.15834494435563
WA,2027,328.15834494435563
WA,2028,147.82006737332244
WA,2029,147.82006737332244
WA,2030,68.34335702569719
WA,2031,54.674685620557746
WA,2032,41.00601421541831
WA,2033,27.33734281027887
WA,2034,13.668671405139435
WA,2035,0
WA,2036,0
WA,2037,0
WA,2038,0
WA,2039,0
WA,2040,0
WA,2041,0
WA,2042,0
WA,2043,0
WA,2044,0
WA,2045,0
WA,2046,0
WA,2047,0
WA,2048,0
WA,2049,0
WA,2050,0
WA,2051,0
WA,2052,0
WA,2053,0
WA,2054,0
WA,2055,0
WA,2056,0
WA,2057,0
WA,2058,0
WA,2059,0
WA,2060,0
WA,2061,0
WA,2062,0
WA,2063,0
WA,2064,0
WA,2065,0
WA,2066,0
WA,2067,0
WA,2068,0
WA,2069,0
WI,2020,832.6866435034137
WI,2021,832.6866435034137
WI,2022,832.6866435034137
WI,2023,832.6866435034137
WI,2024,832.6866435034137
WI,2025,764.7842113617533
WI,2026,644.4117180197189
WI,2027,644.4117180197189
WI,2028,588.9654138520968
WI,2029,588.9654138520968
WI,2030,585.9891708848488
WI,2031,592.9998765410332
WI,2032,600.0105821972177
WI,2033,607.021287853402
WI,2034,614.0319935095864
WI,2035,621.0426991657708
WI,2036,626.8188151466524
WI,2037,632.5949311275339
WI,2038,638.3710471084154
WI,2039,644.1471630892969
WI,2040,649.9232790701784
WI,2041,654.332527910546
WI,2042,658.7417767509136
WI,2043,663.151025591281
WI,2044,667.5602744316486
WI,2045,671.9695232720162
WI,2046,672.3222631792456
WI,2047,672.675003086475
WI,2048,673.0277429937045
WI,2049,673.3804829009338
WI,2050,673.7332228081633
WI,2051,673.7332228081633
WI,2052,673.7332228081633
WI,2053,673.7332228081633
WI,2054,673.7332228081633
WI,2055,673.7332228081633
WI,2056,673.7332228081633
WI,2057,673.7332228081633
WI,2058,673.7332228081633
WI,2059,673.7332228081633
WI,2060,673.7332228081633
WI,2061,673.7332228081633
WI,2062,673.7332228081633
WI,2063,673.7332228081633
WI,2064,673.7332228081633
WI,2065,673.7332228081633
WI,2066,673.7332228081633
WI,2067,673.7332228081633
WI,2068,673.7332228081633
WI,2069,673.7332228081633
WV,2020,1002.8836487416015
WV,2021,1002.8836487416015
WV,2022,1002.8836487416015
WV,2023,1002.8836487416015
WV,2024,1002.8836487416015
WV,2025,978.4123176775615
WV,2026,905.1085557064508
WV,2027,905.1085557064508
WV,2028,853.7408067161689
WV,2029,853.7408067161689
WV,2030,851.2054886329576
WV,2031,855.9233848921508
WV,2032,860.6412811513441
WV,2033,865.3591774105374
WV,2034,870.0770736697307
WV,2035,874.7949699289239
WV,2036,881.58521314309
WV,2037,888.375456357256
WV,2038,895.1656995714221
WV,2039,901.9559427855881
WV,2040,908.7461859997542
WV,2041,907.3352263708366
WV,2042,905.9242667419189
WV,2043,904.5133071130012
WV,2044,903.1023474840837
WV,2045,901.6913878551661
WV,2046,899.1781160161567
WV,2047,896.6648441771471
WV,2048,894.1515723381375
WV,2049,891.638300499128
WV,2050,889.1250286601186
WV,2051,889.1250286601186
WV,2052,889.1250286601186
WV,2053,889.1250286601186
WV,2054,889.1250286601186
WV,2055,889.1250286601186
WV,2056,889.1250286601186
WV,2057,889.1250286601186
WV,2058,889.1250286601186
WV,2059,889.1250286601186
WV,2060,889.1250286601186
WV,2061,889.1250286601186
WV,2062,889.1250286601186
WV,2063,889.1250286601186
WV,2064,889.1250286601186
WV,2065,889.1250286601186
WV,2066,889.1250286601186
WV,2067,889.1250286601186
WV,2068,889.1250286601186
WV,2069,889.1250286601186
WY,2020,863.5513853859867
WY,2021,863.5513853859867
WY,2022,863.5513853859867
WY,2023,863.5513853859867
WY,2024,863.5513853859867
WY,2025,761.5875059524868
WY,2026,561.8485334838364
WY,2027,561.8485334838364
WY,2028,422.5162701282215
WY,2029,422.5162701282215
WY,2030,380.95909980775724
WY,2031,391.71766697825404
WY,2032,402.4762341487509
WY,2033,413.23480131924777
WY,2034,423.99336848974457
WY,2035,434.75193566024143
WY,2036,451.8598211608675
WY,2037,468.9677066614937
WY,2038,486.07559216211985
WY,2039,503.183477662746
WY,2040,520.2913631633721
WY,2041,519.2772359300875
WY,2042,518.263108696803
WY,2043,517.2489814635185
WY,2044,516.234854230234
WY,2045,515.2207269969493
WY,2046,522.1432476763265
WY,2047,529.0657683557035
WY,2048,535.9882890350806
WY,2049,542.9108097144576
WY,2050,549.8333303938348
WY,2051,549.8333303938348
WY,2052,549.8333303938348
WY,2053,549.8333303938348
WY,2054,549.8333303938348
WY,2055,549.8333303938348
WY,2056,549.8333303938348
WY,2057,549.8333303938348
WY,2058,549.8333303938348
WY,2059,549.8333303938348
WY,2060,549.8333303938348
WY,2061,549.8333303938348
WY,2062,549.8333303938348
WY,2063,549.8333303938348
WY,2064,549.8333303938348
WY,2065,549.8333303938348
WY,2066,549.8333303938348
WY,2067,549.8333303938348
WY,2068,549.8333303938348
WY,2069,549.8333303938348
